[{
    "title": "Brown eggs",
    "type": "dairy",
    "price": 28.1,
    "rating": 4
  }, {
    "title": "Sweet fresh stawberry",
    "type": "fruit",
    "price": 29.45,
    "rating": 4
  }, {
    "title": "Asparagus",
    "type": "vegetable",
    "price": 18.95,
    "rating": 3
  }, {
    "title": "Green smoothie",
    "type": "dairy",
    "price": 17.68,
    "rating": 4
  }, {
    "title": "Raw legums",
    "type": "vegetable",
    "price": 17.11,
    "rating": 2
  }, {
    "title": "Baking cake",
    "type": "dairy",
    "price": 11.14,
    "rating": 4
  }, {
    "title": "Pesto with basil",
    "type": "vegetable",
    "price": 18.19,
    "rating": 2
  }, {
    "title": "Hazelnut in black ceramic bowl",
    "type": "vegetable",
    "price": 27.35,
    "rating": 0
  }, {
    "title": "Fresh stawberry",
    "type": "fruit",
    "price": 28.59,
    "rating": 4
  }, {
    "title": "Lemon and salt",
    "type": "fruit",
    "price": 15.79,
    "rating": 5
  }, {
    "title": "Homemade bread",
    "type": "bakery",
    "price": 17.48,
    "rating": 3
  }, {
    "title": "Legums",
    "type": "vegetable",
    "price": 14.77,
    "rating": 0
  }, {
    "title": "Fresh tomato",
    "type": "vegetable",
    "price": 16.3,
    "rating": 2
  }, {
    "title": "Healthy breakfast",
    "type": "fruit",
    "price": 13.02,
    "rating": 2
  }, {
    "title": "Green beans",
    "type": "vegetable",
    "price": 28.79,
    "rating": 1
  }, {
    "title": "Baked stuffed portabello mushrooms",
    "type": "bakery",
    "price": 20.31,
    "rating": 1
  }, {
    "title": "Strawberry jelly",
    "type": "fruit",
    "price": 14.18,
    "rating": 1
  }, {
    "title": "Pears juice",
    "type": "fruit",
    "price": 19.49,
    "rating": 4
  }, {
    "title": "Fresh pears",
    "type": "fruit",
    "price": 15.12,
    "rating": 5
  }, {
    "title": "Caprese salad",
    "type": "vegetable",
    "price": 16.76,
    "rating": 5
  }, {
    "title": "Oranges",
    "type": "fruit",
    "price": 21.48,
    "rating": 4
  }, {
    "title": "Vegan food",
    "type": "vegetable",
    "price": 29.66,
    "rating": 4
  }, {
    "title": "Breakfast with muesli",
    "type": "dairy",
    "price": 22.7,
    "rating": 2
  }, {
    "title": "Honey",
    "type": "bakery",
    "price": 17.01,
    "rating": 2
  }, {
    "title": "Breakfast with cottage",
    "type": "fruit",
    "price": 14.05,
    "rating": 1
  }, {
    "title": "Strawberry smoothie",
    "type": "fruit",
    "price": 28.86,
    "rating": 2
  }, {
    "title": "Strawberry and mint",
    "type": "fruit",
    "price": 26.21,
    "rating": 4
  }, {
    "title": "Ricotta",
    "type": "dairy",
    "price": 27.81,
    "rating": 5
  }, {
    "title": "Cuban sandwiche",
    "type": "bakery",
    "price": 18.5,
    "rating": 4
  }, {
    "title": "Granola",
    "type": "dairy",
    "price": 29.97,
    "rating": 3
  }, {
    "title": "Smoothie with chia seeds",
    "type": "fruit",
    "price": 25.26,
    "rating": 5
  }, {
    "title": "Yogurt",
    "type": "dairy",
    "price": 27.61,
    "rating": 4
  }]